"provincia";"comune";"toponimo";"COMBUSTIBILE_Gas_metano";"COMBUSTIBILE_Gasolio";"COMBUSTIBILE_GPL";"COMBUSTIBILE_Kerosene";"COMBUSTIBILE_Olio_combustibile";"COMBUSTIBILE_Legno";"COMBUSTIBILE_Pellet";"COMBUSTIBILE_Altro";"POTENZA_minore_35_KW";"POTENZA_da_35_a_116_KW";"POTENZA_da_116_a_350_KW";"POTENZA_uguale_350_KW_e_maggiore"
"001";"001001";"AGLIE'";70;3;31;;;;;;102;1;;
"001";"001002";"AIRASCA";37;;2;;;;;;39;;;
"001";"001003";"ALA DI STURA";2;;8;;;;;;10;;;
"001";"001004";"ALBIANO D'IVREA";62;3;4;;;;;;66;;1;
"001";"001005";"ALICE SUPERIORE";17;1;7;;;;;;25;;;
"001";"001006";"ALMESE";75;6;19;;;;;;98;2;;
"001";"001007";"ALPETTE";15;2;2;;;;;;18;;;
"001";"001008";"ALPIGNANO";429;1;7;;;;;;408;9;5;4
"001";"001009";"ANDEZENO";42;;2;;;;;;30;1;4;
"001";"001010";"ANDRATE";3;2;2;;;;;;7;;;
"001";"001011";"ANGROGNA";2;;4;;;;;;5;1;;
"001";"001012";"ARIGNANO";16;2;2;;;;;;11;1;;1
"001";"001013";"AVIGLIANA";250;3;28;;;;;;270;2;6;
"001";"001014";"AZEGLIO";41;1;1;;;;;;40;;;
"001";"001015";"BAIRO";26;2;11;;;;;;38;;1;
"001";"001016";"BALANGERO";119;6;4;;;;;;123;3;;
"001";"001017";"BALDISSERO CANAVESE";23;1;5;;;;;;29;;;
"001";"001018";"BALDISSERO TORINESE";45;7;2;;;;;;52;1;;
"001";"001019";"BALME";;;;;;;;;;;;
"001";"001020";"BANCHETTE";58;2;;;;;;;57;1;1;
"001";"001021";"BARBANIA";59;1;4;;;;;;63;;;
"001";"001022";"BARDONECCHIA";29;9;7;;;;;;34;6;;1
"001";"001023";"BARONE CANAVESE";6;;1;;;;;;7;;;
"001";"001024";"BEINASCO";458;;;;;;;;397;16;13;12
"001";"001025";"BIBIANA";19;2;11;;;;;1;26;;;1
"001";"001026";"BOBBIO PELLICE";2;1;8;;;;;;11;;;
"001";"001027";"BOLLENGO";56;2;12;;;;;;68;;;
"001";"001028";"BORGARO TORINESE";352;5;4;;;;;;331;3;1;6
"001";"001029";"BORGIALLO";5;1;17;;;;;;23;;;
"001";"001030";"BORGOFRANCO D'IVREA";123;4;7;;;;;;132;2;;
"001";"001031";"BORGOMASINO";11;2;1;;;;;;14;;;
"001";"001032";"BORGONE SUSA";89;1;10;;;;;;100;;;
"001";"001033";"BOSCONERO";56;;12;;;;;;68;;;
"001";"001034";"BRANDIZZO";270;5;5;;;;;;274;2;;1
"001";"001035";"BRICHERASIO";60;2;2;;;;;;64;;;
"001";"001036";"BROSSO";7;6;5;;;;;;18;;;
"001";"001037";"BROZOLO";2;3;5;;;;;;10;;;
"001";"001038";"BRUINO";253;3;1;;;;;;233;11;3;3
"001";"001039";"BRUSASCO";27;2;2;;;;;;31;;;
"001";"001040";"BRUZOLO";51;1;9;;;;;;61;;;
"001";"001041";"BURIASCO";16;;1;;;;;;17;;;
"001";"001042";"BUROLO";61;3;1;;;;;;63;1;1;
"001";"001043";"BUSANO";39;;10;;;;;;48;;;
"001";"001044";"BUSSOLENO";148;11;7;;;;1;;167;;;
"001";"001045";"BUTTIGLIERA ALTA";154;5;5;;;1;;;151;6;2;
"001";"001046";"CAFASSE";93;6;15;;;;1;;115;;;
"001";"001047";"CALUSO";101;;7;;;;;;107;1;;
"001";"001048";"CAMBIANO";122;4;14;;;;;;129;1;3;1
"001";"001049";"CAMPIGLIONE-FENILE";24;;2;;;;;;19;4;3;
"001";"001050";"CANDIA CANAVESE";30;4;1;;;;;;35;;;
"001";"001051";"CANDIOLO";250;;1;;;;;1;244;2;1;2
"001";"001052";"CANISCHIO";;;8;;;;;;8;;;
"001";"001053";"CANTALUPA";28;2;1;;;;;;30;1;;
"001";"001054";"CANTOIRA";1;1;7;;;;;;8;1;;
"001";"001055";"CAPRIE";69;1;3;;;;;;71;2;;
"001";"001056";"CARAVINO";26;;1;;;;;;27;;;
"001";"001057";"CAREMA";30;;2;;;;;;32;;;
"001";"001058";"CARIGNANO";183;;1;;;;;;179;3;;
"001";"001059";"CARMAGNOLA";321;;10;;;;;;300;10;6;3
"001";"001060";"CASALBORGONE";40;5;11;;;2;;;52;2;;
"001";"001061";"CASCINETTE D'IVREA";65;1;1;;;;;;66;1;;
"001";"001062";"CASELETTE";49;1;;;;;;;46;;1;
"001";"001063";"CASELLE TORINESE";689;17;23;;;;;;700;8;1;2
"001";"001064";"CASTAGNETO PO";63;3;16;;;;;;70;;;1
"001";"001065";"CASTAGNOLE PIEMONTE";33;1;4;;;;;;38;;;
"001";"001066";"CASTELLAMONTE";349;24;82;;;;;;448;1;;
"001";"001067";"CASTELNUOVO NIGRA";;2;7;;;;;;9;;;
"001";"001068";"CASTIGLIONE TORINESE";144;1;10;;;;;;151;2;;
"001";"001069";"CAVAGNOLO";58;3;4;;;;;;65;;;
"001";"001070";"CAVOUR";64;1;9;;;;;4;75;;;1
"001";"001071";"CERCENASCO";22;;1;;;;;;23;;;
"001";"001072";"CERES";4;5;9;;;;;;12;4;1;
"001";"001073";"CERESOLE REALE";2;;9;;;;;;11;;;
"001";"001074";"CESANA TORINESE";40;3;7;;;;;;24;10;10;2
"001";"001075";"CHIALAMBERTO";;;3;;;;;;3;;;
"001";"001076";"CHIANOCCO";13;2;13;;;;;;28;;;
"001";"001077";"CHIAVERANO";72;10;16;;;;;;92;1;2;
"001";"001078";"CHIERI";618;31;22;;;1;;;628;19;2;2
"001";"001079";"CHIESANUOVA";1;1;7;;;;;;9;;;
"001";"001080";"CHIOMONTE";1;4;4;;;;;;7;1;;
"001";"001081";"CHIUSA DI SAN MICHELE";47;;2;;;;;;46;;;
"001";"001082";"CHIVASSO";611;3;4;;;;;;597;1;3;2
"001";"001083";"CICONIO";2;1;5;;;;;;7;1;;
"001";"001084";"CINTANO";1;2;8;;;;;;11;;;
"001";"001085";"CINZANO";3;1;1;;;;;;5;;;
"001";"001086";"CIRIE'";737;26;39;;;;;;783;10;2;
"001";"001087";"CLAVIERE";1;6;;;;;;;;2;1;
"001";"001088";"COASSOLO TORINESE";23;2;9;;;;;;34;;;
"001";"001089";"COAZZE";50;1;5;;;;;;52;;;1
"001";"001090";"COLLEGNO";922;2;5;;;;;;788;33;29;14
"001";"001091";"COLLERETTO CASTELNUOVO";1;1;10;;;;;;12;;;
"001";"001092";"COLLERETTO GIACOSA";43;2;3;;;;;;48;;;
"001";"001093";"CONDOVE";128;1;4;;;1;;;133;1;;
"001";"001094";"CORIO";99;3;13;;;;;;113;1;;
"001";"001095";"COSSANO CANAVESE";6;;1;;;;;;7;;;
"001";"001096";"CUCEGLIO";32;;1;;;;;;33;;;
"001";"001097";"CUMIANA";117;1;8;;;;;;124;2;;
"001";"001098";"CUORGNE'";283;26;40;;;;1;;342;;;1
"001";"001099";"DRUENTO";132;;6;;;;;;136;1;;
"001";"001100";"EXILLES";;;1;;;;;;1;;;
"001";"001101";"FAVRIA";144;8;15;;;;1;;168;;;
"001";"001102";"FELETTO";74;4;1;;;;;;75;;1;
"001";"001103";"FENESTRELLE";32;;;;;;;;27;4;1;
"001";"001104";"FIANO";74;3;6;;;;;;83;;;
"001";"001105";"FIORANO CANAVESE";23;1;;;;;;;24;;;
"001";"001106";"FOGLIZZO";60;1;1;;;;;;62;;;
"001";"001107";"FORNO CANAVESE";101;6;13;;;;;;120;;;
"001";"001108";"FRASSINETTO";4;9;11;;;;;;21;1;;
"001";"001109";"FRONT";71;;5;;;;;;76;;;
"001";"001110";"FROSSASCO";41;2;4;;;;;;47;;;
"001";"001111";"GARZIGLIANA";9;;;;;;;;9;;;
"001";"001112";"GASSINO TORINESE";223;4;12;;;;;;227;3;3;
"001";"001113";"GERMAGNANO";8;2;2;;;;;;12;;;
"001";"001114";"GIAGLIONE";;4;15;;;;;;19;;;
"001";"001115";"GIAVENO";314;2;23;;;;;;333;5;;
"001";"001116";"GIVOLETTO";57;;3;;;;;;60;;;
"001";"001117";"GRAVERE";13;3;;;;;;;16;;;
"001";"001118";"GROSCAVALLO";1;;11;;;;;;12;;;
"001";"001119";"GROSSO";47;1;3;;;;;;47;;;1
"001";"001120";"GRUGLIASCO";674;2;1;;;;;;601;29;13;5
"001";"001121";"INGRIA";;;;;;;;;;;;
"001";"001122";"INVERSO PINASCA";12;;1;;;;;;13;;;
"001";"001123";"ISOLABELLA";5;;;;;;;;5;;;
"001";"001124";"ISSIGLIO";8;3;5;;;;;;16;;;
"001";"001125";"IVREA";971;16;11;;2;;;;954;14;1;5
"001";"001126";"LA CASSA";56;1;2;;;;;;58;1;;
"001";"001127";"LA LOGGIA";252;3;6;;;;;;254;1;1;
"001";"001128";"LANZO TORINESE";100;5;14;;;;;;119;;;
"001";"001129";"LAURIANO";43;2;3;;;;;;48;;;
"001";"001130";"LEINI'";595;7;49;;;;;;556;23;8;10
"001";"001131";"LEMIE";2;;1;;;;;;3;;;
"001";"001132";"LESSOLO";29;;4;;;;;;33;;;
"001";"001133";"LEVONE";31;;;;;;;;31;;;
"001";"001134";"LOCANA";25;1;25;;;;;;50;;;
"001";"001135";"LOMBARDORE";64;1;2;;;;;;51;;16;
"001";"001136";"LOMBRIASCO";20;;;;;;;;20;;;
"001";"001137";"LORANZE'";41;2;3;;;;;;44;;1;
"001";"001138";"LUGNACCO";11;1;1;;;;;;13;;;
"001";"001139";"LUSERNA SAN GIOVANNI";103;4;11;;;;;;115;;;1
"001";"001140";"LUSERNETTA";6;;3;;;;;;8;1;;
"001";"001141";"LUSIGLIE'";2;4;15;;;;;;21;;;
"001";"001142";"MACELLO";17;;1;;;;;;15;1;2;
"001";"001143";"MAGLIONE";4;;1;;;;;;5;;;
"001";"001144";"MARENTINO";20;1;2;;;;;;23;;;
"001";"001145";"MASSELLO";;;;;;;;;;;;
"001";"001146";"MATHI";106;8;13;;;;;;127;;;
"001";"001147";"MATTIE";2;3;7;;;;;;12;;;
"001";"001148";"MAZZE'";56;5;2;;;;;;63;;;
"001";"001149";"MEANA DI SUSA";1;3;16;;;;;;20;;;
"001";"001150";"MERCENASCO";38;;6;;;;;;44;;;
"001";"001151";"MEUGLIANO";;;1;;;;;;1;;;
"001";"001152";"MEZZENILE";;3;2;;;;;;5;;;
"001";"001153";"MOMBELLO DI TORINO";11;;1;;;;;;12;;;
"001";"001154";"MOMPANTERO";24;;5;;;;;;29;;;
"001";"001155";"MONASTERO DI LANZO";1;;;;;;;;1;;;
"001";"001156";"MONCALIERI";1203;18;24;;;;;;1094;44;23;14
"001";"001157";"MONCENISIO";;1;;;;;;;1;;;
"001";"001158";"MONTALDO TORINESE";8;;;;;;;;8;;;
"001";"001159";"MONTALENGHE";27;;;;;;;;27;;;
"001";"001160";"MONTALTO DORA";152;1;2;;;;;;153;1;;
"001";"001161";"MONTANARO";175;4;1;;;;;;180;;;
"001";"001162";"MONTEU DA PO";13;1;4;;;;;;18;;;
"001";"001163";"MORIONDO TORINESE";16;;1;;;;;;17;;;
"001";"001164";"NICHELINO";1104;6;7;;;;;;1070;13;10;6
"001";"001165";"NOASCA";;2;4;;;;;;6;;;
"001";"001166";"NOLE";196;21;39;;;;;;249;3;;
"001";"001167";"NOMAGLIO";1;1;4;;;;;;6;;;
"001";"001168";"NONE";114;;1;;;;;;110;1;;1
"001";"001169";"NOVALESA";;;5;;;;;;5;;;
"001";"001170";"OGLIANICO";57;7;6;;;;;;70;;;
"001";"001171";"ORBASSANO";520;5;20;;;;;;483;17;16;11
"001";"001172";"ORIO CANAVESE";18;;4;;;;;;22;;;
"001";"001173";"OSASCO";20;;1;;;;;;21;;;
"001";"001174";"OSASIO";13;;1;;;;;;14;;;
"001";"001175";"OULX";107;1;14;;;;;;121;1;;
"001";"001176";"OZEGNA";51;1;1;;;;;;51;;2;
"001";"001177";"PALAZZO CANAVESE";35;1;3;;;;;;39;;;
"001";"001178";"PANCALIERI";25;;3;;;;;;28;;;
"001";"001179";"PARELLA";19;;3;;;;;;22;;;
"001";"001180";"PAVAROLO";21;1;;;;;;;22;;;
"001";"001181";"PAVONE CANAVESE";147;7;5;;;;;;152;3;;
"001";"001182";"PECCO";7;;2;;;;;;8;;;
"001";"001183";"PECETTO TORINESE";49;17;17;;;;;;71;2;1;1
"001";"001184";"PEROSA ARGENTINA";91;;4;;;;;;91;2;;
"001";"001185";"PEROSA CANAVESE";12;;1;;;;;;13;;;
"001";"001186";"PERRERO";3;;1;;;;;;4;;;
"001";"001187";"PERTUSIO";19;1;3;;;;;;23;;;
"001";"001188";"PESSINETTO";1;4;4;;;;;;9;;;
"001";"001189";"PIANEZZA";299;4;11;;;;;;263;4;7;7
"001";"001190";"PINASCA";72;1;5;;;;;;75;3;;
"001";"001191";"PINEROLO";572;4;7;;;;;;545;12;9;2
"001";"001192";"PINO TORINESE";141;15;24;;;;;;144;17;1;
"001";"001193";"PIOBESI TORINESE";114;3;5;;;;;;110;3;6;
"001";"001194";"PIOSSASCO";326;2;14;;;;;;334;6;;
"001";"001195";"PISCINA";60;;1;;;;;;58;2;1;
"001";"001196";"PIVERONE";53;1;4;;;;;;58;;;
"001";"001197";"POIRINO";170;;9;;;;;;172;1;1;1
"001";"001198";"POMARETTO";34;1;2;;;;;;37;;;
"001";"001199";"PONT-CANAVESE";143;5;23;;;;;;169;1;;
"001";"001200";"PORTE";31;;;;;;;;30;1;;
"001";"001201";"PRAGELATO";176;2;5;;;;;;142;31;4;2
"001";"001202";"PRALI";10;1;6;;;;;;7;3;;1
"001";"001203";"PRALORMO";23;;2;;;;;;25;;;
"001";"001204";"PRAMOLLO";1;1;1;;;;;;3;;;
"001";"001205";"PRAROSTINO";16;;2;;;;;;18;;;
"001";"001206";"PRASCORSANO";12;5;15;;;;;;32;;;
"001";"001207";"PRATIGLIONE";1;1;7;;;;;;9;;;
"001";"001208";"QUAGLIUZZO";19;;;;;;;;19;;;
"001";"001209";"QUASSOLO";13;1;;;;;;;14;;;
"001";"001210";"QUINCINETTO";23;;;;;;;;23;;;
"001";"001211";"REANO";62;2;3;;;;;;66;;;
"001";"001212";"RIBORDONE";;;;;;;;;;;;
"001";"001213";"RIVALBA";19;1;1;;;;;;19;1;;
"001";"001214";"RIVALTA DI TORINO";438;1;6;;;;;;415;17;1;3
"001";"001215";"RIVA PRESSO CHIERI";38;4;20;;;;;;44;7;;
"001";"001216";"RIVARA";89;6;14;;;;;;109;;;
"001";"001217";"RIVAROLO CANAVESE";364;14;29;;;;;;404;;1;
"001";"001218";"RIVAROSSA";41;;4;;;;;;45;;;
"001";"001219";"RIVOLI";1256;6;7;;;;;;1010;51;56;20
"001";"001220";"ROBASSOMERO";117;12;10;;;;;;101;;2;4
"001";"001221";"ROCCA CANAVESE";38;7;4;;;;;;45;2;;
"001";"001222";"ROLETTO";42;3;;;;;;;41;2;2;
"001";"001223";"ROMANO CANAVESE";81;3;5;;;;;;83;1;2;
"001";"001224";"RONCO CANAVESE";2;;2;;;;;;4;;;
"001";"001225";"RONDISSONE";36;;1;;;;;;37;;;
"001";"001226";"RORA'";;3;9;;;;;;12;;;
"001";"001227";"ROURE";31;2;4;;;;;;34;2;1;
"001";"001228";"ROSTA";122;1;8;;;1;;;125;2;1;1
"001";"001229";"RUBIANA";40;3;7;;;;;;48;2;;
"001";"001230";"RUEGLIO";3;;8;;;;;;11;;;
"001";"001231";"SALASSA";56;;2;;;;1;;56;3;;
"001";"001232";"SALBERTRAND";10;;1;;;;;;9;;1;
"001";"001233";"SALERANO CANAVESE";32;;4;;;;;;36;;;
"001";"001234";"SALZA DI PINEROLO";;;1;;;;;;1;;;
"001";"001235";"SAMONE";54;;;;;;;;54;;;
"001";"001236";"SAN BENIGNO CANAVESE";193;3;8;;;;;;188;2;2;1
"001";"001237";"SAN CARLO CANAVESE";165;1;8;;;;;;172;1;;
"001";"001238";"SAN COLOMBANO BELMONTE";6;;3;;;;;;9;;;
"001";"001239";"SAN DIDERO";22;;;;;;;;21;;;
"001";"001240";"SAN FRANCESCO AL CAMPO";155;10;15;;;;;;172;4;;
"001";"001241";"SANGANO";119;;3;;;;;;121;;;
"001";"001242";"SAN GERMANO CHISONE";42;;3;;;;;;32;5;3;1
"001";"001243";"SAN GILLIO";80;;4;;;;;;78;;;1
"001";"001244";"SAN GIORGIO CANAVESE";69;;12;;;;;;77;1;;1
"001";"001245";"SAN GIORIO DI SUSA";28;2;4;;;;;;34;;;
"001";"001246";"SAN GIUSTO CANAVESE";120;3;6;;;;;;129;;;
"001";"001247";"SAN MARTINO CANAVESE";27;;8;;;;;;35;;;
"001";"001248";"SAN MAURIZIO CANAVESE";420;4;15;;;;;;431;3;;
"001";"001249";"SAN MAURO TORINESE";424;9;9;;;;;;396;9;9;1
"001";"001250";"SAN PIETRO VAL LEMINA";17;;;;;;;;17;;;
"001";"001251";"SAN PONSO";13;2;1;;;;;;16;;;
"001";"001252";"SAN RAFFAELE CIMENA";58;;13;;;;1;;68;;1;
"001";"001253";"SAN SEBASTIANO DA PO";30;5;10;;;;;;45;;;
"001";"001254";"SAN SECONDO DI PINEROLO";61;3;6;;;;;;68;1;;
"001";"001255";"SANT'AMBROGIO DI TORINO";179;;12;;;;;;184;1;2;
"001";"001256";"SANT'ANTONINO DI SUSA";134;1;7;;;;;;140;1;;1
"001";"001257";"SANTENA";176;1;11;;;;;;165;8;5;
"001";"001258";"SAUZE DI CESANA";19;;;;;;;;18;;1;
"001";"001259";"SAUZE D'OULX";69;14;1;;;;;;21;11;23;9
"001";"001260";"SCALENGHE";50;5;2;;;;;;55;1;;
"001";"001261";"SCARMAGNO";13;1;4;;;;;;18;;;
"001";"001262";"SCIOLZE";14;2;5;;;;;;21;;;
"001";"001263";"SESTRIERE";22;2;;;;;;;14;2;4;1
"001";"001264";"SETTIMO ROTTARO";20;;1;;;;;;21;;;
"001";"001265";"SETTIMO TORINESE";858;5;10;;;;;;800;12;11;8
"001";"001266";"SETTIMO VITTONE";15;;8;;;;;;23;;;
"001";"001267";"SPARONE";15;;15;;;;;;30;;;
"001";"001268";"STRAMBINELLO";11;1;;;;;;;12;;;
"001";"001269";"STRAMBINO";189;4;11;;;;;;190;4;2;
"001";"001270";"SUSA";164;5;24;;;;;;190;3;;
"001";"001271";"TAVAGNASCO";16;;1;;;;;;17;;;
"001";"001272";"TORINO";10450;145;44;;2;;;5;8874;402;420;168
"001";"001273";"TORRAZZA PIEMONTE";54;;;;;;;;54;;;
"001";"001274";"TORRE CANAVESE";27;1;1;;;;;;28;;;
"001";"001275";"TORRE PELLICE";66;5;3;;;;;;73;;1;
"001";"001276";"TRANA";51;7;29;;;;;;85;2;;
"001";"001277";"TRAUSELLA";;;6;;;;;;6;;;
"001";"001278";"TRAVERSELLA";;2;4;;;;;;6;;;
"001";"001279";"TRAVES";2;;7;;;;;;9;;;
"001";"001280";"TROFARELLO";332;2;10;;;;;1;307;5;7;4
"001";"001281";"USSEAUX";18;;1;;;;;;17;;1;
"001";"001282";"USSEGLIO";;;3;;;;;;3;;;
"001";"001283";"VAIE";41;;4;;;;;;45;;;
"001";"001284";"VAL DELLA TORRE";61;4;5;;;;;;67;1;;
"001";"001285";"VALGIOIE";3;1;16;;;;1;;21;;;
"001";"001286";"VALLO TORINESE";45;3;;;;;;;47;;;
"001";"001287";"VALPERGA";98;7;14;;;;;;119;;;
"001";"001288";"VALPRATO SOANA";;1;7;;;;;;8;;;
"001";"001289";"VARISELLA";36;2;4;;;;;;42;;;
"001";"001290";"VAUDA CANAVESE";86;1;2;;;;;;86;1;;
"001";"001291";"VENAUS";3;1;11;;;;;;15;;;
"001";"001292";"VENARIA REALE";695;2;2;;;;;;604;16;22;12
"001";"001293";"VEROLENGO";71;;3;;;;;;74;;;
"001";"001294";"VERRUA SAVOIA";10;;4;;;;;;10;;1;
"001";"001295";"VESTIGNE'";28;;1;;;;;;29;;;
"001";"001296";"VIALFRE'";17;;;;;;;;16;;;
"001";"001297";"VICO CANAVESE";3;7;11;;;;;;21;;;
"001";"001298";"VIDRACCO";19;1;6;;;;;;25;;;
"001";"001299";"VIGONE";33;;4;;;;;1;36;1;;
"001";"001300";"VILLAFRANCA PIEMONTE";114;14;14;;;;;;105;14;11;
"001";"001301";"VILLANOVA CANAVESE";50;3;6;;;;;;57;1;;
"001";"001302";"VILLARBASSE";105;4;5;;;;;;109;4;;
"001";"001303";"VILLAR DORA";48;;7;;;;;;53;2;;
"001";"001304";"VILLAREGGIA";24;;2;;;;;;25;1;;
"001";"001305";"VILLAR FOCCHIARDO";71;2;8;;;;;;81;;;
"001";"001306";"VILLAR PELLICE";16;;6;;;;;;22;;;
"001";"001307";"VILLAR PEROSA";126;;4;;;;;;119;9;2;
"001";"001308";"VILLASTELLONE";67;2;2;;;;;;61;2;;1
"001";"001309";"VINOVO";598;3;4;;;;;;545;13;6;2
"001";"001310";"VIRLE PIEMONTE";25;;;;;;;;21;1;2;1
"001";"001311";"VISCHE";15;;2;;;;;;17;;;
"001";"001312";"VISTRORIO";49;4;8;;;;;;60;1;;
"001";"001313";"VIU'";1;2;6;;;;;;9;;;
"001";"001314";"VOLPIANO";619;7;41;;;;;;593;27;25;2
"001";"001315";"VOLVERA";193;;7;;;;;;188;6;2;
"002";"002002";"ALAGNA VALSESIA";;;5;;;;;;5;;;
"002";"002003";"ALBANO VERCELLESE";5;;;;;;;;5;;;
"002";"002004";"ALICE CASTELLO";32;1;;;;;;;30;2;;
"002";"002006";"ARBORIO";7;;;;;;;;7;;;
"002";"002007";"ASIGLIANO VERCELLESE";10;;2;;;;;;12;;;
"002";"002008";"BALMUCCIA";;;2;;;;;;2;;;
"002";"002009";"BALOCCO";;;;;;;;;;;;
"002";"002011";"BIANZE'";4;;;;;;;;4;;;
"002";"002014";"BOCCIOLETO";;;1;;;;;;1;;;
"002";"002015";"BORGO D'ALE";11;;;;;;;;11;;;
"002";"002016";"BORGOSESIA";133;3;2;;1;;;;109;7;5;2
"002";"002017";"BORGO VERCELLI";26;;;;;;;;24;2;;
"002";"002019";"BREIA";;;1;;;;;;1;;;
"002";"002021";"BURONZO";8;;2;;;;;;4;6;;
"002";"002025";"CAMPERTOGNO";1;1;4;;;;;;5;;1;
"002";"002029";"CARCOFORO";;;;;;;;;;;;
"002";"002030";"CARESANA";22;;;;;;;;22;;;
"002";"002031";"CARESANABLOT";19;;;;;;;;19;;;
"002";"002032";"CARISIO";;;;;;;;;;;;
"002";"002033";"CASANOVA ELVO";;;;;;;;;;;;
"002";"002035";"SAN GIACOMO VERCELLESE";1;;;;;;;;1;;;
"002";"002038";"CELLIO";;;4;;;;;;4;;;
"002";"002041";"CERVATTO";;2;;;;;;;1;;1;
"002";"002042";"CIGLIANO";30;;;;;;;;30;;;
"002";"002043";"CIVIASCO";;;1;;;;;;1;;;
"002";"002045";"COLLOBIANO";;;;;;;;;;;;
"002";"002047";"COSTANZANA";15;;;;;;;;15;;;
"002";"002048";"CRAVAGLIANA";;2;2;;;;;;4;;;
"002";"002049";"CRESCENTINO";57;;;;;;;;54;2;;
"002";"002052";"CROVA";2;;;;;;;;2;;;
"002";"002054";"DESANA";14;;;;;;;;14;;;
"002";"002057";"FOBELLO";;;1;;;;;;1;;;
"002";"002058";"FONTANETTO PO";2;;;;;;;;2;;;
"002";"002059";"FORMIGLIANA";5;;;;;;;;5;;;
"002";"002061";"GATTINARA";34;;1;;;;;;33;2;;
"002";"002062";"GHISLARENGO";24;;;;;2;1;;26;1;;
"002";"002065";"GREGGIO";3;;;;;;;;3;;;
"002";"002066";"GUARDABOSONE";8;;;;;;;;8;;;
"002";"002067";"LAMPORO";1;;;;;;;;1;;;
"002";"002068";"LENTA";5;8;;;;;;;5;;4;4
"002";"002070";"LIGNANA";8;;1;;;;;;9;;;
"002";"002071";"LIVORNO FERRARIS";55;1;;;;;;;54;1;1;
"002";"002072";"LOZZOLO";;;;;;;;;;;;
"002";"002078";"MOLLIA";;;;;;;;;;;;
"002";"002079";"MONCRIVELLO";3;;;;;;;;3;;;
"002";"002082";"MOTTA DE' CONTI";7;1;;;;;;;7;1;;
"002";"002088";"OLCENENGO";3;;;;;;;;3;;;
"002";"002089";"OLDENICO";2;1;;;;;;;2;1;;
"002";"002090";"PALAZZOLO VERCELLESE";8;;;;;;;;8;;;
"002";"002091";"PERTENGO";6;;;;;;;;6;;;
"002";"002093";"PEZZANA";19;;;;;;;;19;;;
"002";"002096";"PILA";;1;5;;;;;;5;;1;
"002";"002097";"PIODE";;;2;;;;;;1;;1;
"002";"002102";"POSTUA";9;;;;;;;;9;;;
"002";"002104";"PRAROLO";12;;;;;;;;12;;;
"002";"002107";"QUARONA";67;1;;;;1;;;59;3;4;
"002";"002108";"QUINTO VERCELLESE";3;;;;;;;;3;;;
"002";"002110";"RASSA";;;;;;;;;;;;
"002";"002111";"RIMA SAN GIUSEPPE";;;;;;;;;;;;
"002";"002112";"RIMASCO";;;;;;;;;;;;
"002";"002113";"RIMELLA";;;;;;;;;;;;
"002";"002114";"RIVA VALDOBBIA";;;6;;;;;;6;;;
"002";"002115";"RIVE";7;;;;;;;;6;;;
"002";"002116";"ROASIO";3;1;;;;;;;3;1;;
"002";"002118";"RONSECCO";3;;;;;;;;3;;;
"002";"002121";"ROSSA";;;1;;;;;;1;;;
"002";"002122";"ROVASENDA";3;;;;;;;;3;;;
"002";"002123";"SABBIA";;1;;;;;;;1;;;
"002";"002126";"SALASCO";1;;;;;;;;1;;;
"002";"002127";"SALI VERCELLESE";;;;;;;;;;;;
"002";"002128";"SALUGGIA";54;;;;;;;;49;1;1;
"002";"002131";"SAN GERMANO VERCELLESE";7;1;;;;;;;8;;;
"002";"002133";"SANTHIA'";65;2;;;;;;;65;2;;
"002";"002134";"SCOPA";1;9;2;;;;;;5;;7;
"002";"002135";"SCOPELLO";1;11;9;;;;;;10;5;4;1
"002";"002137";"SERRAVALLE SESIA";71;1;;;;;;;65;3;3;
"002";"002142";"STROPPIANA";17;;;;;;;;17;;;
"002";"002147";"TRICERRO";11;;;;;;1;;12;;;
"002";"002148";"TRINO";123;;;;;1;;;119;1;1;
"002";"002150";"TRONZANO VERCELLESE";16;;;;;;;;16;;;
"002";"002152";"VALDUGGIA";26;3;1;;;;;;12;14;2;2
"002";"002156";"VARALLO";92;7;3;;;;;;84;3;3;4
"002";"002158";"VERCELLI";304;1;;;;;;;276;12;4;1
"002";"002163";"VILLARBOIT";3;;;;;;;;3;;;
"002";"002164";"VILLATA";3;;;;;;;;3;;;
"002";"002166";"VOCCA";1;;2;;;;;;3;;;
"003";"003001";"AGRATE CONTURBIA";3;;;;;;;;3;;;
"003";"003002";"AMENO";1;;;;;;;;1;;;
"003";"003006";"ARMENO";1;;;;;;;;1;;;
"003";"003008";"ARONA";14;;;;;;;;11;1;2;
"003";"003012";"BARENGO";1;;;;;;;;1;;;
"003";"003016";"BELLINZAGO NOVARESE";19;;1;;;;;;19;;1;
"003";"003018";"BIANDRATE";;;;;;;;;;;;
"003";"003019";"BOCA";1;;1;;;;;;2;;;
"003";"003021";"BOGOGNO";5;;;;;;;;5;;;
"003";"003022";"BOLZANO NOVARESE";1;;;;;;;;1;;;
"003";"003023";"BORGOLAVEZZARO";1;;;;;;;;1;;;
"003";"003024";"BORGOMANERO";33;2;;;;;;;29;;;4
"003";"003025";"BORGO TICINO";5;;;;;;;;5;;;
"003";"003026";"BRIGA NOVARESE";5;;;;;;;;4;1;;
"003";"003027";"BRIONA";5;;;;;;;;2;2;;
"003";"003030";"CALTIGNAGA";5;;;;;;;;5;;;
"003";"003032";"CAMERI";21;;;;;;;;21;;;
"003";"003036";"CARPIGNANO SESIA";33;5;;;;;;;37;1;;
"003";"003037";"CASALBELTRAME";;;;;;;;;;;;
"003";"003039";"CASALEGGIO NOVARA";1;;;;;;;;1;;;
"003";"003040";"CASALINO";;;;;;;;;;;;
"003";"003041";"CASALVOLONE";1;;;;;;;;1;;;
"003";"003042";"CASTELLAZZO NOVARESE";;;;;;;;;;;;
"003";"003043";"CASTELLETTO SOPRA TICINO";30;1;;;;;;;30;;1;
"003";"003044";"CAVAGLIETTO";1;;;;;;;;;1;;
"003";"003045";"CAVAGLIO D'AGOGNA";13;;;;;;;;13;;;
"003";"003047";"CAVALLIRIO";3;;;;;1;;;4;;;
"003";"003049";"CERANO";26;4;;;;;;;27;2;;
"003";"003051";"COLAZZA";;;;;;;;;;;;
"003";"003052";"COMIGNAGO";;;;;;;;;;;;
"003";"003055";"CRESSA";30;;;;;;;;23;1;1;
"003";"003058";"CUREGGIO";3;;;;;;;;3;;;
"003";"003060";"DIVIGNANO";2;;;;;;;;2;;;
"003";"003062";"DORMELLETTO";4;;;;;;;;4;;;
"003";"003065";"FARA NOVARESE";10;;;;;;;;10;;;
"003";"003066";"FONTANETO D'AGOGNA";30;;;;;;;;29;1;;
"003";"003068";"GALLIATE";20;;1;;;;;;20;;;1
"003";"003069";"GARBAGNA NOVARESE";5;;;;;;;;5;;;
"003";"003070";"GARGALLO";2;;;;;;;;2;;;
"003";"003071";"GATTICO";4;;;;;;;;2;1;1;
"003";"003073";"GHEMME";28;;;;;;;;27;1;;
"003";"003076";"GOZZANO";4;;;;;;;;3;;1;
"003";"003077";"GRANOZZO CON MONTICELLO";1;;;;;;;;1;;;
"003";"003079";"GRIGNASCO";67;;;;;1;;;47;12;2;1
"003";"003082";"INVORIO";4;;;;;;;;4;;;
"003";"003083";"LANDIONA";2;;;;;;;;2;;;
"003";"003084";"LESA";;;1;;;;;;1;;;
"003";"003088";"MAGGIORA";;;;;;;;;;;;
"003";"003090";"MANDELLO VITTA";2;;;;;;;;2;;;
"003";"003091";"MARANO TICINO";6;;;;;;;;5;1;;
"003";"003093";"MASSINO VISCONTI";;;;;;;;;;;;
"003";"003095";"MEINA";3;;;;;;;;3;;;
"003";"003097";"MEZZOMERICO";;;;;;;;;;;;
"003";"003098";"MIASINO";;;;;;;;;;;;
"003";"003100";"MOMO";3;;;;;;;;3;;;
"003";"003103";"NEBBIUNO";;;;;;;;;;;;
"003";"003104";"NIBBIOLA";2;;;;;;;;2;;;
"003";"003106";"NOVARA";141;1;;;;;;;128;2;4;1
"003";"003108";"OLEGGIO";29;1;1;;;;;;31;;;
"003";"003109";"OLEGGIO CASTELLO";4;;;;;;;;3;;1;
"003";"003112";"ORTA SAN GIULIO";;;;;;;;;;;;
"003";"003114";"PARUZZARO";1;;;;;;;;1;;;
"003";"003115";"PELLA";1;;;;;;;;1;;;
"003";"003116";"PETTENASCO";1;1;;;;;;;2;;;
"003";"003119";"PISANO";2;;;;;;;;2;;;
"003";"003120";"POGNO";2;;;;;;;;2;;;
"003";"003121";"POMBIA";5;;;;;;;;4;;;
"003";"003122";"PRATO SESIA";10;1;;;;;;;7;1;2;
"003";"003129";"RECETTO";;;;;;;;;;;;
"003";"003130";"ROMAGNANO SESIA";19;;1;;;;;;15;3;;1
"003";"003131";"ROMENTINO";30;;;;;;;;22;2;1;1
"003";"003133";"SAN MAURIZIO D'OPAGLIO";1;;;;;;;;1;;;
"003";"003134";"SAN NAZZARO SESIA";;;;;;;;;;;;
"003";"003135";"SAN PIETRO MOSEZZO";1;;1;;;;;;1;1;;
"003";"003138";"SILLAVENGO";26;;;;;;;;25;1;;
"003";"003139";"SIZZANO";5;;;;;;;;5;;;
"003";"003140";"SORISO";1;;;;;;;;1;;;
"003";"003141";"SOZZAGO";1;;;;;;;;1;;;
"003";"003143";"SUNO";5;;;;;;;;4;1;;
"003";"003144";"TERDOBBIATE";1;;;;;;;;;1;;
"003";"003146";"TORNACO";1;;;;;;;;1;;;
"003";"003149";"TRECATE";77;;;;;;;;73;2;;1
"003";"003153";"VAPRIO D'AGOGNA";3;;;;;;;;3;;;
"003";"003154";"VARALLO POMBIA";24;;;;;;;;23;1;;
"003";"003157";"VERUNO";2;;;;;;;;2;;;
"003";"003158";"VESPOLATE";7;;;;;;;;7;;;
"003";"003159";"VICOLUNGO";5;;;;;;;;5;;;
"003";"003164";"VINZAGLIO";;;;;;;;;;;;
"004";"004001";"ACCEGLIO";;;;;;;;;;;;
"004";"004002";"AISONE";;;;;;;;;;;;
"004";"004003";"ALBA";34;;;;;;;;33;;1;
"004";"004004";"ALBARETTO DELLA TORRE";;;;;;;;;;;;
"004";"004005";"ALTO";;;;;;;;;;;;
"004";"004006";"ARGENTERA";;;;;;;;;;;;
"004";"004007";"ARGUELLO";;;;;;;;;;;;
"004";"004008";"BAGNASCO";;;;;;;;;;;;
"004";"004009";"BAGNOLO PIEMONTE";7;;1;;;;;;6;1;;
"004";"004010";"BALDISSERO D'ALBA";2;;;;;;;;2;;;
"004";"004011";"BARBARESCO";1;;;;;;;;1;;;
"004";"004012";"BARGE";2;;1;;;;;;3;;;
"004";"004013";"BAROLO";;;;;;;;;;;;
"004";"004014";"BASTIA MONDOVI'";;;;;;;;;;;;
"004";"004015";"BATTIFOLLO";;;;;;;;;;;;
"004";"004016";"BEINETTE";;;;;;;;;;;;
"004";"004017";"BELLINO";;;;;;;;;;;;
"004";"004018";"BELVEDERE LANGHE";;;;;;;;;;;;
"004";"004019";"BENE VAGIENNA";;;;;;;;;;;;
"004";"004020";"BENEVELLO";1;;;;;;;;1;;;
"004";"004021";"BERGOLO";;;;;;;;;;;;
"004";"004022";"BERNEZZO";;;;;;;;;;;;
"004";"004023";"BONVICINO";;;;;;;;;;;;
"004";"004024";"BORGOMALE";;;;;;;;;;;;
"004";"004025";"BORGO SAN DALMAZZO";2;;;;;;;;1;1;;
"004";"004026";"BOSIA";;;;;;;;;;;;
"004";"004027";"BOSSOLASCO";;;;;;;;;;;;
"004";"004028";"BOVES";2;;;;;;;;2;;;
"004";"004029";"BRA";145;4;5;;;;;;134;14;3;
"004";"004030";"BRIAGLIA";;;;;;;;;;;;
"004";"004031";"BRIGA ALTA";;;;;;;;;;;;
"004";"004032";"BRONDELLO";;;;;;;;;;;;
"004";"004033";"BROSSASCO";;;;;;;;;;;;
"004";"004034";"BUSCA";3;;;;;;;;3;;;
"004";"004035";"CAMERANA";;;;;;;;;;;;
"004";"004036";"CAMO";;;;;;;;;;;;
"004";"004037";"CANALE";2;1;;;;;;;3;;;
"004";"004038";"CANOSIO";;;;;;;;;;;;
"004";"004039";"CAPRAUNA";;;;;;;;;;;;
"004";"004040";"CARAGLIO";3;;;;;;;;3;;;
"004";"004041";"CARAMAGNA PIEMONTE";27;;2;;;;;;26;3;;
"004";"004042";"CARDE'";1;;;;;;;;1;;;
"004";"004043";"CARRU'";3;;;;;;;;;1;;1
"004";"004044";"CARTIGNANO";1;;;;;;;;1;;;
"004";"004045";"CASALGRASSO";;;;;;;;;;;;
"004";"004046";"CASTAGNITO";7;;;;;;;;6;1;;
"004";"004047";"CASTELDELFINO";;;1;;;;;;1;;;
"004";"004048";"CASTELLAR";1;;;;;;;;1;;;
"004";"004049";"CASTELLETTO STURA";;;;;;;;;;;;
"004";"004050";"CASTELLETTO UZZONE";;;;;;;;;;;;
"004";"004051";"CASTELLINALDO";1;;;;;;;;1;;;
"004";"004052";"CASTELLINO TANARO";;;;;;;;;;;;
"004";"004053";"CASTELMAGNO";;;;;;;;;;;;
"004";"004054";"CASTELNUOVO DI CEVA";;;;;;;;;;;;
"004";"004055";"CASTIGLIONE FALLETTO";2;;;;;;;;2;;;
"004";"004056";"CASTIGLIONE TINELLA";;;2;;;;;;1;1;;
"004";"004057";"CASTINO";1;;1;;;;;;2;;;
"004";"004058";"CAVALLERLEONE";;;;;;;;;;;;
"004";"004059";"CAVALLERMAGGIORE";3;;;;;;;;1;1;;
"004";"004060";"CELLE DI MACRA";;;;;;;;;;;;
"004";"004061";"CENTALLO";1;;;;;;;;;1;;
"004";"004062";"CERESOLE ALBA";7;;;;;;;;6;1;;
"004";"004063";"CERRETTO LANGHE";2;;;;;;;;1;;;
"004";"004064";"CERVASCA";;;;;;;;;;;;
"004";"004065";"CERVERE";11;;;;;;;;11;;;
"004";"004066";"CEVA";1;1;;;;;;;;1;1;
"004";"004067";"CHERASCO";46;;1;;;;;;28;11;7;1
"004";"004068";"CHIUSA DI PESIO";;;;;;;;;;;;
"004";"004069";"CIGLIE'";;;;;;;;;;;;
"004";"004070";"CISSONE";;;;;;;;;;;;
"004";"004071";"CLAVESANA";;;;;;;;;;;;
"004";"004072";"CORNELIANO D'ALBA";3;;;;;;;;3;;;
"004";"004073";"CORTEMILIA";;;;;;;;;;;;
"004";"004074";"COSSANO BELBO";;;;;;;;;;;;
"004";"004075";"COSTIGLIOLE SALUZZO";3;;;;;;;;1;;;1
"004";"004076";"CRAVANZANA";;;;;;;;;;;;
"004";"004077";"CRISSOLO";;;;;;;;;;;;
"004";"004078";"CUNEO";9;1;1;;;;;;8;2;;
"004";"004079";"DEMONTE";;;;;;;;;;;;
"004";"004080";"DIANO D'ALBA";1;;;;;;;;1;;;
"004";"004081";"DOGLIANI";2;;;;;;;;2;;;
"004";"004082";"DRONERO";4;;1;;;;;;4;;1;
"004";"004083";"ELVA";;;;;;;;;;;;
"004";"004084";"ENTRACQUE";;;;;;;;;;;;
"004";"004085";"ENVIE";;;;;;;;;;;;
"004";"004086";"FARIGLIANO";;;1;;;;;;1;;;
"004";"004087";"FAULE";;;;;;;;;;;;
"004";"004088";"FEISOGLIO";;;;;;;;;;;;
"004";"004089";"FOSSANO";13;;;;;;;;5;2;2;
"004";"004090";"FRABOSA SOPRANA";;;;;;;;;;;;
"004";"004091";"FRABOSA SOTTANA";8;;1;;;;;;1;;;1
"004";"004092";"FRASSINO";;;;;;;;;;;;
"004";"004093";"GAIOLA";1;;;;;;;;1;;;
"004";"004094";"GAMBASCA";;;;;;;;;;;;
"004";"004095";"GARESSIO";;;;;;;;;;;;
"004";"004096";"GENOLA";;;;;;;;;;;;
"004";"004097";"GORZEGNO";;;;;;;;;;;;
"004";"004098";"GOTTASECCA";;;;;;;;;;;;
"004";"004099";"GOVONE";6;1;1;;;;;;7;1;;
"004";"004100";"GRINZANE CAVOUR";6;;;;;;;;4;;1;
"004";"004101";"GUARENE";11;;;;;;;;11;;;
"004";"004102";"IGLIANO";;;;;;;;;;;;
"004";"004103";"ISASCA";;;;;;;;;;;;
"004";"004104";"LAGNASCO";;;;;;;;;;;;
"004";"004105";"LA MORRA";6;;8;;;;;;13;1;;
"004";"004106";"LEQUIO BERRIA";2;;;;;;;;;2;;
"004";"004107";"LEQUIO TANARO";;;;;;;;;;;;
"004";"004108";"LESEGNO";1;;;;;;;;1;;;
"004";"004109";"LEVICE";;;;;;;;;;;;
"004";"004110";"LIMONE PIEMONTE";1;;;;;;;;;;1;
"004";"004111";"LISIO";;;;;;;;;;;;
"004";"004112";"MACRA";;;;;;;;;;;;
"004";"004113";"MAGLIANO ALFIERI";4;;;;;;;;4;;;
"004";"004114";"MAGLIANO ALPI";;;;;;;;;;;;
"004";"004115";"MANGO";2;;3;;;;;;5;;;
"004";"004116";"MANTA";4;;;;;;;;4;;;
"004";"004117";"MARENE";;;;;;;;;;;;
"004";"004118";"MARGARITA";;;;;;;;;;;;
"004";"004119";"MARMORA";;;;;;;;;;;;
"004";"004120";"MARSAGLIA";;;;;;;;;;;;
"004";"004121";"MARTINIANA PO";1;;;;;;;;1;;;
"004";"004122";"MELLE";;;;;;;;;;;;
"004";"004123";"MOIOLA";;;;;;;;;;;;
"004";"004124";"MOMBARCARO";;;;;;;;;;;;
"004";"004125";"MOMBASIGLIO";;;;;;;;;;;;
"004";"004126";"MONASTERO DI VASCO";;;;;;;;;;;;
"004";"004127";"MONASTEROLO CASOTTO";;;;;;;;;;;;
"004";"004128";"MONASTEROLO DI SAVIGLIANO";;;;;;;;;;;;
"004";"004129";"MONCHIERO";;;;;;;;;;;;
"004";"004130";"MONDOVI'";6;;;;;;;;2;;2;
"004";"004131";"MONESIGLIO";;;;;;;;;;;;
"004";"004132";"MONFORTE D'ALBA";3;1;2;;;;;;4;1;1;
"004";"004133";"MONTA'";4;;1;;;;;;4;1;;
"004";"004134";"MONTALDO DI MONDOVI'";;;;;;;;;;;;
"004";"004135";"MONTALDO ROERO";;;1;;;;;;1;;;
"004";"004136";"MONTANERA";;;;;;;;;;;;
"004";"004137";"MONTELUPO ALBESE";;;;;;;;;;;;
"004";"004138";"MONTEMALE DI CUNEO";;;;;;;;;;;;
"004";"004139";"MONTEROSSO GRANA";;;;;;;;;;;;
"004";"004140";"MONTEU ROERO";1;;1;;;;;;2;;;
"004";"004141";"MONTEZEMOLO";;;;;;;;;;;;
"004";"004142";"MONTICELLO D'ALBA";7;;;;;;;;4;2;1;
"004";"004143";"MORETTA";5;;3;;;;;;6;1;;
"004";"004144";"MOROZZO";;;;;;;;;;;;
"004";"004145";"MURAZZANO";;;;;;;;;;;;
"004";"004146";"MURELLO";1;;;;;;;;1;;;
"004";"004147";"NARZOLE";6;;;;;;;;4;1;;
"004";"004148";"NEIVE";24;;;;;;;;19;1;;1
"004";"004149";"NEVIGLIE";;;;;;;;;;;;
"004";"004150";"NIELLA BELBO";;;;;;;;;;;;
"004";"004151";"NIELLA TANARO";;;;;;;;;;;;
"004";"004152";"NOVELLO";;;;;;;;;;;;
"004";"004153";"NUCETTO";;;;;;;;;;;;
"004";"004154";"ONCINO";;;;;;;;;;;;
"004";"004155";"ORMEA";;;;;;;;;;;;
"004";"004156";"OSTANA";;;;;;;;;;;;
"004";"004157";"PAESANA";;;;;;;;;;;;
"004";"004158";"PAGNO";5;;;;;;;;1;3;;
"004";"004159";"PAMPARATO";;;;;;;;;;;;
"004";"004160";"PAROLDO";;;1;;;;;;1;;;
"004";"004161";"PERLETTO";;;;;;;;;;;;
"004";"004162";"PERLO";;;;;;;;;;;;
"004";"004163";"PEVERAGNO";2;;;;;;;;2;;;
"004";"004164";"PEZZOLO VALLE UZZONE";;;;;;;;;;;;
"004";"004165";"PIANFEI";;;;;;;;;;;;
"004";"004166";"PIASCO";2;1;;;;;;;1;1;;1
"004";"004167";"PIETRAPORZIO";;;;;;;;;;;;
"004";"004168";"PIOBESI D'ALBA";5;;;;;;;;5;;;
"004";"004169";"PIOZZO";;;;;;;;;;;;
"004";"004170";"POCAPAGLIA";4;;;;;;;;4;;;
"004";"004171";"POLONGHERA";1;;;;;;;;1;;;
"004";"004172";"PONTECHIANALE";;;;;;;;;;;;
"004";"004173";"PRADLEVES";;;;;;;;;;;;
"004";"004174";"PRAZZO";;;;;;;;;;;;
"004";"004175";"PRIERO";;;;;;;;;;;;
"004";"004176";"PRIOCCA";2;;;;;;;;2;;;
"004";"004177";"PRIOLA";;;;;;;;;;;;
"004";"004178";"PRUNETTO";;;;;;;;;;;;
"004";"004179";"RACCONIGI";38;;;;;;;;28;3;2;
"004";"004180";"REVELLO";;;;;;;;;;;;
"004";"004181";"RIFREDDO";;;;;;;;;;;;
"004";"004182";"RITTANA";;;;;;;;;;;;
"004";"004183";"ROASCHIA";;;;;;;;;;;;
"004";"004184";"ROASCIO";;;;;;;;;;;;
"004";"004185";"ROBILANTE";;;;;;;;;;;;
"004";"004186";"ROBURENT";;;;;;;;;;;;
"004";"004187";"ROCCABRUNA";1;;;;;;;;1;;;
"004";"004188";"ROCCA CIGLIE'";;;;;;;;;;;;
"004";"004189";"ROCCA DE' BALDI";;;;;;;;;;;;
"004";"004190";"ROCCAFORTE MONDOVI'";;;;;;;;;;;;
"004";"004191";"ROCCASPARVERA";;;;;;;;;;;;
"004";"004192";"ROCCAVIONE";;;;;;;;;;;;
"004";"004193";"ROCCHETTA BELBO";;;;;;;;;;;;
"004";"004194";"RODDI";2;;;;;;;;1;1;;
"004";"004195";"RODDINO";;;;;;;;;;;;
"004";"004196";"RODELLO";;;;;;;;;;;;
"004";"004197";"ROSSANA";;;;;;;;;;;;
"004";"004198";"RUFFIA";1;;;;;;;;1;;;
"004";"004199";"SALE DELLE LANGHE";1;;;;;;;;1;;;
"004";"004200";"SALE SAN GIOVANNI";;;;;;;;;;;;
"004";"004201";"SALICETO";;;;;;;;;;;;
"004";"004202";"SALMOUR";;;1;;;;;;1;;;
"004";"004203";"SALUZZO";62;;2;;;;;;49;5;1;
"004";"004204";"SAMBUCO";;;;;;;;;;;;
"004";"004205";"SAMPEYRE";2;;;;;;;;2;;;
"004";"004206";"SAN BENEDETTO BELBO";;;;;;;;;;;;
"004";"004207";"SAN DAMIANO MACRA";1;;;;;;;;1;;;
"004";"004208";"SANFRE'";2;1;;;;;;;3;;;
"004";"004209";"SANFRONT";;;;;;;;;;;;
"004";"004210";"SAN MICHELE MONDOVI'";;;;;;;;;;;;
"004";"004211";"SANT'ALBANO STURA";1;;;;;;;;1;;;
"004";"004212";"SANTA VITTORIA D'ALBA";15;4;1;;;;;;12;7;;
"004";"004213";"SANTO STEFANO BELBO";5;;;;;;;;5;;;
"004";"004214";"SANTO STEFANO ROERO";2;;;;;;;;2;;;
"004";"004215";"SAVIGLIANO";12;1;1;;;;;;8;2;1;
"004";"004216";"SCAGNELLO";;;;;;;;;;;;
"004";"004217";"SCARNAFIGI";2;;1;;;;;;3;;;
"004";"004218";"SERRALUNGA D'ALBA";4;;;;;;;;4;;;
"004";"004219";"SERRAVALLE LANGHE";;;;;;;;;;;;
"004";"004220";"SINIO";;;;;;;;;;;;
"004";"004221";"SOMANO";;;;;;;;;;;;
"004";"004222";"SOMMARIVA DEL BOSCO";10;;3;;;;;;13;;;
"004";"004223";"SOMMARIVA PERNO";5;;1;;;;;;3;;1;
"004";"004224";"STROPPO";;;;;;;;;;;;
"004";"004225";"TARANTASCA";;;;;;;;;;;;
"004";"004226";"TORRE BORMIDA";;;;;;;;;;;;
"004";"004227";"TORRE MONDOVI'";;;;;;;;;;;;
"004";"004228";"TORRE SAN GIORGIO";;;;;;;;;;;;
"004";"004229";"TORRESINA";;;;;;;;;;;;
"004";"004230";"TREISO";7;;1;;;;;;8;;;
"004";"004231";"TREZZO TINELLA";;;2;;;;;;;1;;
"004";"004232";"TRINITA'";;;;;;;;;;;;
"004";"004233";"VALDIERI";;;;;;;;;;;;
"004";"004234";"VALGRANA";;;;;;;;;;;;
"004";"004235";"VALLORIATE";;;;;;;;;;;;
"004";"004236";"VALMALA";;;;;;;;;;;;
"004";"004237";"VENASCA";;;;;;;;;;;;
"004";"004238";"VERDUNO";4;;;;;;;;3;1;;
"004";"004239";"VERNANTE";;1;;;;;;;;1;;
"004";"004240";"VERZUOLO";13;2;3;;;;;;16;2;;
"004";"004241";"VEZZA D'ALBA";6;;1;;;;;;7;;;
"004";"004242";"VICOFORTE";;1;;;;;;;1;;;
"004";"004243";"VIGNOLO";;;;;;;;;;;;
"004";"004244";"VILLAFALLETTO";;;;;;;;;;;;
"004";"004245";"VILLANOVA MONDOVI'";;;;;;;;;;;;
"004";"004246";"VILLANOVA SOLARO";;;;;;;;;;;;
"004";"004247";"VILLAR SAN COSTANZO";3;;;;;;;;3;;;
"004";"004248";"VINADIO";1;;;;;;;;1;;;
"004";"004249";"VIOLA";;;;;;;;;;;;
"004";"004250";"VOTTIGNASCO";;;;;;;;;;;;
"005";"005001";"AGLIANO TERME";137;13;27;;;;;1;156;5;8;
"005";"005002";"ALBUGNANO";54;5;9;;;;2;;62;6;1;
"005";"005003";"ANTIGNANO";94;6;8;;;;1;1;101;6;;1
"005";"005004";"ARAMENGO";5;9;29;;;3;1;1;45;3;;
"005";"005005";"ASTI";6747;137;618;1;2;3;2;35;6532;307;303;72
"005";"005006";"AZZANO D'ASTI";66;4;2;;;;;1;65;6;;
"005";"005007";"BALDICHIERI D'ASTI";104;1;5;;;;;;98;6;2;1
"005";"005008";"BELVEGLIO";37;1;6;;;;;;43;1;;
"005";"005009";"BERZANO DI SAN PIETRO";29;3;14;;;;;;44;1;1;
"005";"005010";"BRUNO";35;3;5;;;1;;;42;1;;
"005";"005011";"BUBBIO";68;9;7;;1;1;;1;84;3;;
"005";"005012";"BUTTIGLIERA D'ASTI";210;25;47;;;2;;1;252;17;8;1
"005";"005013";"CALAMANDRANA";121;36;42;;1;2;2;;152;28;4;3
"005";"005014";"CALLIANO";220;7;8;;;2;;2;232;6;;
"005";"005015";"CALOSSO";45;21;31;;;1;;1;92;4;1;
"005";"005016";"CAMERANO CASASCO";33;1;5;;;2;;1;41;1;;
"005";"005017";"CANELLI";676;71;92;1;4;10;2;4;773;34;12;6
"005";"005018";"CANTARANA";105;3;6;;;;;;108;3;1;
"005";"005019";"CAPRIGLIO";18;;7;;;2;;;26;1;;
"005";"005020";"CASORZO";70;5;6;;;1;;;75;4;1;
"005";"005021";"CASSINASCO";30;3;14;;;2;1;;40;5;1;
"005";"005022";"CASTAGNOLE DELLE LANZE";264;5;18;;;;;3;264;10;3;2
"005";"005023";"CASTAGNOLE MONFERRATO";150;2;9;;;;;1;159;3;;
"005";"005024";"CASTEL BOGLIONE";29;10;8;;;1;1;;47;1;;
"005";"005025";"CASTELL'ALFERO";277;13;24;;;;;2;281;16;5;4
"005";"005026";"CASTELLERO";26;1;3;;;;;;30;;;
"005";"005027";"CASTELLETTO MOLINA";8;3;2;;;;;;13;;;
"005";"005028";"CASTELLO DI ANNONE";199;3;20;;;1;;1;207;14;;
"005";"005029";"CASTELNUOVO BELBO";52;6;5;;;;;;56;2;2;
"005";"005030";"CASTELNUOVO CALCEA";52;9;12;;;1;;;64;2;2;1
"005";"005031";"CASTELNUOVO DON BOSCO";370;35;83;;;7;5;2;455;24;8;1
"005";"005032";"CASTEL ROCCHERO";22;8;5;;;;;;30;2;1;
"005";"005033";"CELLARENGO";53;2;7;;;;;;61;1;;
"005";"005034";"CELLE ENOMONDO";47;4;9;;;;;1;58;1;2;
"005";"005035";"CERRETO D'ASTI";16;;1;;;;;;17;;;
"005";"005036";"CERRO TANARO";50;2;1;;;;;;47;3;1;1
"005";"005037";"CESSOLE";28;2;7;;;1;;;33;1;1;
"005";"005038";"CHIUSANO D'ASTI";16;3;2;;;;;1;20;;;1
"005";"005039";"CINAGLIO";52;1;4;;;;;;56;1;;
"005";"005040";"CISTERNA D'ASTI";71;10;5;;;;;1;83;3;;
"005";"005041";"COAZZOLO";9;;1;;;;;;10;;;
"005";"005042";"COCCONATO";57;8;16;;;;;;78;2;;
"005";"005044";"CORSIONE";14;2;2;;;;;;18;;;
"005";"005045";"CORTANDONE";36;1;7;;;;;;44;;;
"005";"005046";"CORTANZE";26;6;5;;;1;;1;34;2;1;
"005";"005047";"CORTAZZONE";50;3;10;;;;1;;64;;;
"005";"005048";"CORTIGLIONE";77;5;15;;;;;2;79;15;4;
"005";"005049";"COSSOMBRATO";34;1;10;;;1;;;46;;;
"005";"005050";"COSTIGLIOLE D'ASTI";473;13;47;;;1;1;3;465;27;17;7
"005";"005051";"CUNICO";45;4;10;;;;;;57;1;;
"005";"005052";"DUSINO SAN MICHELE";95;2;11;;;1;;1;107;3;;
"005";"005053";"FERRERE";134;6;14;;;1;1;1;154;2;1;
"005";"005054";"FONTANILE";30;9;5;;;;;;43;1;;
"005";"005055";"FRINCO";64;9;11;;;;;8;89;2;;
"005";"005056";"GRANA";89;5;2;;;;;;88;5;;
"005";"005057";"GRAZZANO BADOGLIO";50;7;11;;;;;;64;3;;
"005";"005058";"INCISA SCAPACCINO";239;14;23;;;3;1;;257;13;3;1
"005";"005059";"ISOLA D'ASTI";221;5;13;;;1;;;214;13;4;2
"005";"005060";"LOAZZOLO";18;3;9;;;1;;;31;;;
"005";"005061";"MARANZANA";6;;;;;;;;6;;;
"005";"005062";"MARETTO";47;2;6;;;;1;1;54;2;;
"005";"005063";"MOASCA";30;7;7;;;3;;;47;;;
"005";"005064";"MOMBALDONE";;1;2;;;;;;3;;;
"005";"005065";"MOMBARUZZO";39;12;18;;;1;1;1;67;3;;
"005";"005066";"MOMBERCELLI";230;22;17;;;8;;;249;15;4;
"005";"005067";"MONALE";118;;8;;;1;;;123;1;;2
"005";"005068";"MONASTERO BORMIDA";54;4;10;;;1;;1;66;3;;
"005";"005069";"MONCALVO";226;11;26;;;1;1;2;242;8;5;
"005";"005070";"MONCUCCO TORINESE";56;8;20;;;;;;81;3;;
"005";"005071";"MONGARDINO";119;3;12;;;;;;120;5;4;
"005";"005072";"MONTABONE";19;5;1;;2;;;;23;3;;
"005";"005073";"MONTAFIA";76;7;16;;;2;;1;99;2;;
"005";"005074";"MONTALDO SCARAMPI";68;4;9;;;;;;79;2;;
"005";"005075";"MONTECHIARO D'ASTI";139;8;19;;;;;;155;4;2;
"005";"005076";"MONTEGROSSO D'ASTI";238;11;12;;;;;3;234;18;3;
"005";"005077";"MONTEMAGNO";184;7;15;;;;;;194;6;3;1
"005";"005079";"MORANSENGO";;1;4;;;;;;5;;;
"005";"005080";"NIZZA MONFERRATO";1009;90;127;;11;6;3;4;1130;50;17;7
"005";"005081";"OLMO GENTILE";;;1;;;2;;1;4;;;
"005";"005082";"PASSERANO MARMORITO";39;9;17;;;2;;;66;1;;
"005";"005083";"PENANGO";43;3;1;;;;;;47;;;
"005";"005084";"PIEA";23;3;18;;;2;2;1;49;;;
"005";"005085";"PINO D'ASTI";21;;1;;;;;;22;;;
"005";"005086";"PIOVA' MASSAIA";48;13;19;;;3;;;75;5;;
"005";"005087";"PORTACOMARO";220;5;36;;;;;1;251;8;1;
"005";"005088";"QUARANTI";12;;3;;;;;;15;;;
"005";"005089";"REFRANCORE";160;8;19;;2;2;;1;153;9;9;1
"005";"005090";"REVIGLIASCO D'ASTI";51;8;9;;;;;1;61;2;1;
"005";"005091";"ROATTO";50;;3;;;;;2;52;2;;
"005";"005092";"ROBELLA";3;3;20;;;2;;;28;;;
"005";"005093";"ROCCA D'ARAZZO";118;8;35;;;;;;157;2;1;
"005";"005094";"ROCCAVERANO";;3;11;;;1;;2;17;;;
"005";"005095";"ROCCHETTA PALAFEA";14;4;9;;;1;1;;29;;;
"005";"005096";"ROCCHETTA TANARO";151;2;14;;;1;;;150;10;2;2
"005";"005097";"SAN DAMIANO D'ASTI";357;45;87;;;4;1;3;455;24;5;1
"005";"005098";"SAN GIORGIO SCARAMPI";2;2;2;;;1;;;6;1;;
"005";"005099";"SAN MARTINO ALFIERI";52;1;4;;;;;;54;1;1;
"005";"005100";"SAN MARZANO OLIVETO";66;4;35;;;2;1;1;94;9;1;
"005";"005101";"SAN PAOLO SOLBRITO";144;5;13;;;3;;1;158;3;2;
"005";"005103";"SCURZOLENGO";73;3;6;;;;;;74;7;;
"005";"005104";"SEROLE";2;1;4;;;1;;;8;;;
"005";"005105";"SESSAME";6;2;6;;;;;;14;;;
"005";"005106";"SETTIME";68;6;6;;;;;2;75;3;;1
"005";"005107";"SOGLIO";21;1;3;;;;;;24;1;;
"005";"005108";"TIGLIOLE";216;2;13;;;3;;2;213;9;4;2
"005";"005109";"TONCO";47;3;10;;;;;;57;;2;
"005";"005110";"TONENGO";1;1;6;;;1;;;9;;;
"005";"005111";"VAGLIO SERRA";20;1;1;;;;;;22;;;
"005";"005112";"VALFENERA";243;4;24;;;2;3;1;248;12;4;1
"005";"005113";"VESIME";18;8;7;;;1;;1;32;1;;
"005";"005114";"VIALE";22;;2;;;;;1;25;;;
"005";"005115";"VIARIGI";85;3;5;;;1;1;1;88;5;;
"005";"005116";"VIGLIANO D'ASTI";94;5;8;;;;;;100;5;;
"005";"005117";"VILLAFRANCA D'ASTI";354;8;13;;;;;;350;16;1;2
"005";"005118";"VILLANOVA D'ASTI";637;5;58;1;;2;;4;644;20;13;2
"005";"005119";"VILLA SAN SECONDO";41;4;6;;;;;1;50;2;;
"005";"005120";"VINCHIO";58;3;5;;;;;1;61;4;;
"005";"005121";"MONTIGLIO MONFERRATO";104;8;20;;;;1;;127;3;;
"006";"006001";"ACQUI TERME";70;2;5;;;;;;65;2;2;2
"006";"006002";"ALBERA LIGURE";;;;;;;;;;;;
"006";"006003";"ALESSANDRIA";932;6;;;;;;;889;19;8;1
"006";"006004";"ALFIANO NATTA";7;;;;;;;;7;;;
"006";"006005";"ALICE BEL COLLE";1;;1;;;;;;2;;;
"006";"006006";"ALLUVIONI CAMBIO'";5;;;;;;;;5;;;
"006";"006007";"ALTAVILLA MONFERRATO";5;;;;;;;;4;1;;
"006";"006008";"ALZANO SCRIVIA";;;;;;;;;;;;
"006";"006009";"ARQUATA SCRIVIA";;;;;;;;;;;;
"006";"006010";"AVOLASCA";5;1;;;;;;;6;;;
"006";"006011";"BALZOLA";11;;;;;;;;10;1;;
"006";"006012";"BASALUZZO";3;;;;;;;;3;;;
"006";"006013";"BASSIGNANA";9;;;;;;;;9;;;
"006";"006014";"BELFORTE MONFERRATO";;;;;;;;;;;;
"006";"006015";"BERGAMASCO";10;;;;;;;;10;;;
"006";"006016";"BERZANO DI TORTONA";1;1;1;;;;;;3;;;
"006";"006017";"BISTAGNO";4;;;;;;;;4;;;
"006";"006018";"BORGHETTO DI BORBERA";1;1;;;;;;;2;;;
"006";"006019";"BORGORATTO ALESSANDRINO";8;;;;;;;;8;;;
"006";"006020";"BORGO SAN MARTINO";10;;;;;;;;10;;;
"006";"006021";"BOSCO MARENGO";12;;;;;;;;11;1;;
"006";"006022";"BOSIO";1;;;;;;;;1;;;
"006";"006023";"BOZZOLE";3;1;;;;;;;3;1;;
"006";"006024";"BRIGNANO-FRASCATA";4;;;;;;;;4;;;
"006";"006025";"CABELLA LIGURE";;;;;;;;;;;;
"006";"006026";"CAMAGNA MONFERRATO";6;;;;;;;;6;;;
"006";"006027";"CAMINO";12;;;;;;;;11;1;;
"006";"006028";"CANTALUPO LIGURE";;;;;;;;;;;;
"006";"006029";"CAPRIATA D'ORBA";3;;;;;;;;3;;;
"006";"006030";"CARBONARA SCRIVIA";24;;;;;;;;24;;;
"006";"006031";"CARENTINO";3;;;;;;;;3;;;
"006";"006032";"CAREZZANO";13;1;1;;;;;;15;;;
"006";"006033";"CARPENETO";3;;;;;;;;3;;;
"006";"006034";"CARREGA LIGURE";;;;;;;;;;;;
"006";"006035";"CARROSIO";2;;;;;;;;2;;;
"006";"006036";"CARTOSIO";4;;;;;;;;4;;;
"006";"006037";"CASAL CERMELLI";2;;;;;;;;2;;;
"006";"006038";"CASALEGGIO BOIRO";;;;;;;;;;;;
"006";"006039";"CASALE MONFERRATO";594;14;8;;1;;;;519;29;30;6
"006";"006040";"CASALNOCETO";62;;3;;;;;;61;;1;
"006";"006041";"CASASCO";;;;;;;;;;;;
"006";"006042";"CASSANO SPINOLA";4;;;;;;;;3;1;;
"006";"006043";"CASSINE";9;;;;;;;;9;;;
"006";"006044";"CASSINELLE";;;;;;;;;;;;
"006";"006045";"CASTELLANIA";2;;;;;;;;2;;;
"006";"006046";"CASTELLAR GUIDOBONO";;;;;;;;;;;;
"006";"006047";"CASTELLAZZO BORMIDA";58;;;;;;;;52;;;1
"006";"006048";"CASTELLETTO D'ERRO";;;;;;;;;;;;
"006";"006049";"CASTELLETTO D'ORBA";;;;;;;;;;;;
"006";"006050";"CASTELLETTO MERLI";4;;1;;;;;;5;;;
"006";"006051";"CASTELLETTO MONFERRATO";4;;;;;;;;4;;;
"006";"006052";"CASTELNUOVO BORMIDA";1;;;;;;;;1;;;
"006";"006053";"CASTELNUOVO SCRIVIA";45;;1;;;;;;13;2;1;14
"006";"006054";"CASTELSPINA";3;;;;;;;;2;1;;
"006";"006055";"CAVATORE";;;1;;;;;;1;;;
"006";"006056";"CELLA MONTE";15;;;;;;;;13;2;;
"006";"006057";"CERESETO";7;;2;;;;;;7;2;;
"006";"006058";"CERRETO GRUE";4;1;;;;;;;5;;;
"006";"006059";"CERRINA MONFERRATO";16;;2;;;;;;16;1;;
"006";"006060";"CONIOLO";12;;2;;;;;;11;2;;
"006";"006061";"CONZANO";13;;;;;;;;12;1;;
"006";"006062";"COSTA VESCOVATO";2;2;;;;;;;4;;;
"006";"006063";"CREMOLINO";5;;;;;;;;3;1;1;
"006";"006064";"CUCCARO MONFERRATO";6;;;;;;;;6;;;
"006";"006065";"DENICE";1;;;;;;;;1;;;
"006";"006066";"DERNICE";2;;;;;;;;2;;;
"006";"006067";"FABBRICA CURONE";13;;;;;;;;12;1;;
"006";"006068";"FELIZZANO";21;;;;;;;;21;;;
"006";"006069";"FRACONALTO";;;;;;;;;;;;
"006";"006070";"FRANCAVILLA BISIO";;;;;;;;;;;;
"006";"006071";"FRASCARO";1;;;;;;;;1;;;
"006";"006072";"FRASSINELLO MONFERRATO";2;;;;;;;;2;;;
"006";"006073";"FRASSINETO PO";7;1;;;;;;;6;2;;
"006";"006074";"FRESONARA";1;;;;;;;;1;;;
"006";"006075";"FRUGAROLO";4;;;;;;;;4;;;
"006";"006076";"FUBINE";15;;;;;;;;15;;;
"006";"006077";"GABIANO";4;;;;;;;;2;1;;
"006";"006078";"GAMALERO";5;;;;;;;;5;;;
"006";"006079";"GARBAGNA";6;;2;;;;;;8;;;
"006";"006080";"GAVAZZANA";;;;;;;;;;;;
"006";"006081";"GAVI";8;;2;;;;;;10;;;
"006";"006082";"GIAROLE";7;;;;;;;;5;2;;
"006";"006083";"GREMIASCO";4;;;;;;;;4;;;
"006";"006084";"GROGNARDO";1;;1;;;;;;2;;;
"006";"006085";"GRONDONA";;;;;;;;;;;;
"006";"006086";"GUAZZORA";3;;;;;;;;3;;;
"006";"006087";"ISOLA SANT'ANTONIO";2;;;;;;;;2;;;
"006";"006088";"LERMA";3;;;;;;;;2;;;1
"006";"006089";"LU";14;;;;;;;;14;;;
"006";"006090";"MALVICINO";;;1;;;;;;1;;;
"006";"006091";"MASIO";4;;;;;;;;4;;;
"006";"006092";"MELAZZO";6;2;3;;;;;;10;1;;
"006";"006093";"MERANA";;;;;;;;;;;;
"006";"006094";"MIRABELLO MONFERRATO";11;;;;;;;;10;1;;
"006";"006095";"MOLARE";2;;;;;;;;2;;;
"006";"006096";"MOLINO DEI TORTI";6;;;;;;;;5;;;
"006";"006097";"MOMBELLO MONFERRATO";7;;;;;;;;7;;;
"006";"006098";"MOMPERONE";2;;;;;;;;2;;;
"006";"006099";"MONCESTINO";2;;;;;;;;2;;;
"006";"006100";"MONGIARDINO LIGURE";;;;;;;;;;;;
"006";"006101";"MONLEALE";13;;;;;;;;9;;2;
"006";"006102";"MONTACUTO";;;;;;;;;;;;
"006";"006103";"MONTALDEO";;;;;;;;;;;;
"006";"006104";"MONTALDO BORMIDA";;;;;;;;;;;;
"006";"006105";"MONTECASTELLO";3;;;;;;;;3;;;
"006";"006106";"MONTECHIARO D'ACQUI";4;;1;;;;;;5;;;
"006";"006107";"MONTEGIOCO";5;;;;;;;;5;;;
"006";"006108";"MONTEMARZINO";3;;;;;;;;3;;;
"006";"006109";"MORANO SUL PO";12;1;;;;;;;12;1;;
"006";"006110";"MORBELLO";1;;;;;;;;1;;;
"006";"006111";"MORNESE";;;;;;;;;;;;
"006";"006112";"MORSASCO";;;;;;;;;;;;
"006";"006113";"MURISENGO";11;;1;;;;;;12;;;
"006";"006114";"NOVI LIGURE";13;;;;;;;;11;2;;
"006";"006115";"OCCIMIANO";7;;;;;;;;7;;;
"006";"006116";"ODALENGO GRANDE";;;;;;;;;;;;
"006";"006117";"ODALENGO PICCOLO";6;;;;;;;;6;;;
"006";"006118";"OLIVOLA";;;;;;;;;;;;
"006";"006119";"ORSARA BORMIDA";3;;;;;;;;3;;;
"006";"006120";"OTTIGLIO";3;;1;;;;;;4;;;
"006";"006121";"OVADA";21;;2;;;;;;23;;;
"006";"006122";"OVIGLIO";18;;;;;;;;13;5;;
"006";"006123";"OZZANO MONFERRATO";6;;;;;;;;6;;;
"006";"006124";"PADERNA";6;;;;;;;;6;;;
"006";"006125";"PARETO";;;1;;;;;;1;;;
"006";"006126";"PARODI LIGURE";;;;;;;;;;;;
"006";"006127";"PASTURANA";1;;;;;;;;1;;;
"006";"006128";"PECETTO DI VALENZA";22;;2;;;;;;22;2;;
"006";"006129";"PIETRA MARAZZI";14;;;;;;;;13;1;;
"006";"006130";"PIOVERA";8;;;;;;;;8;;;
"006";"006131";"POMARO MONFERRATO";13;;;;;;;;12;1;;
"006";"006132";"PONTECURONE";31;2;;;;;;;31;;1;
"006";"006133";"PONTESTURA";17;;;;;;;;17;;;
"006";"006134";"PONTI";;;1;;;;;;1;;;
"006";"006135";"PONZANO MONFERRATO";8;;;;;;;;8;;;
"006";"006136";"PONZONE";2;2;;;;;;;3;;;
"006";"006137";"POZZOL GROPPO";1;;3;;;;;;3;1;;
"006";"006138";"POZZOLO FORMIGARO";17;;;;;;;;7;10;;
"006";"006139";"PRASCO";4;1;1;;;;;;6;;;
"006";"006140";"PREDOSA";;;;;;;;;;;;
"006";"006141";"QUARGNENTO";4;;;;;;;;4;;;
"006";"006142";"QUATTORDIO";20;;2;;;;;;20;2;;
"006";"006143";"RICALDONE";1;;;;;;;;1;;;
"006";"006144";"RIVALTA BORMIDA";3;;;;;;;;3;;;
"006";"006145";"RIVARONE";;1;;;;;;;1;;;
"006";"006146";"ROCCAFORTE LIGURE";;;;;;;;;;;;
"006";"006147";"ROCCA GRIMALDA";;;;;;;;;;;;
"006";"006148";"ROCCHETTA LIGURE";;;;;;;;;;;;
"006";"006149";"ROSIGNANO MONFERRATO";16;1;;;;;;;16;1;;
"006";"006150";"SALA MONFERRATO";3;;1;;;;;;3;1;;
"006";"006151";"SALE";6;;;;;;;;6;;;
"006";"006152";"SAN CRISTOFORO";2;;;;;;;;2;;;
"006";"006153";"SAN GIORGIO MONFERRATO";11;1;1;;;;;;12;1;;
"006";"006154";"SAN SALVATORE MONFERRATO";11;1;;;;;;;7;3;1;
"006";"006155";"SAN SEBASTIANO CURONE";1;;;;;;;;1;;;
"006";"006156";"SANT'AGATA FOSSILI";1;;;;;;;;1;;;
"006";"006157";"SARDIGLIANO";;;;;;;;;;;;
"006";"006158";"SAREZZANO";54;4;3;;;;;;56;2;1;
"006";"006159";"SERRALUNGA DI CREA";4;;;;;;;;4;;;
"006";"006160";"SERRAVALLE SCRIVIA";2;;;;;;;;2;;;
"006";"006161";"SEZZADIO";1;;2;;;;;;3;;;
"006";"006162";"SILVANO D'ORBA";8;;;;;;;;8;;;
"006";"006163";"SOLERO";12;;1;;;;;;13;;;
"006";"006164";"SOLONGHELLO";5;;;;;;;;5;;;
"006";"006165";"SPIGNO MONFERRATO";3;;;;;;;;3;;;
"006";"006166";"SPINETO SCRIVIA";3;;;;;;;;3;;;
"006";"006167";"STAZZANO";;;;;;;;;;;;
"006";"006168";"STREVI";10;;;;;;;;10;;;
"006";"006169";"TAGLIOLO MONFERRATO";2;;;;;;;;2;;;
"006";"006170";"TASSAROLO";1;;;;;;;;1;;;
"006";"006171";"TERRUGGIA";4;;2;;;;;;4;1;;
"006";"006172";"TERZO";10;1;;;;;;;10;1;;
"006";"006173";"TICINETO";19;1;;;;;;;19;1;;
"006";"006174";"TORTONA";595;37;7;;;;;;408;44;56;16
"006";"006175";"TREVILLE";1;;;;;;;;1;;;
"006";"006176";"TRISOBBIO";1;;;;;;;;1;;;
"006";"006177";"VALENZA";102;;6;;;;;;100;5;1;
"006";"006178";"VALMACCA";19;;;;;;;;16;1;1;
"006";"006179";"VIGNALE MONFERRATO";16;;1;;;;;;14;2;;
"006";"006180";"VIGNOLE BORBERA";;;;;;;;;;;;
"006";"006181";"VIGUZZOLO";72;4;3;;;;;;65;5;2;1
"006";"006182";"VILLADEATI";2;;1;;;;;;3;;;
"006";"006183";"VILLALVERNIA";4;;;;;;;;2;;1;
"006";"006184";"VILLAMIROGLIO";;;;;;;;;;;;
"006";"006185";"VILLANOVA MONFERRATO";77;;;;;;;;76;1;;
"006";"006186";"VILLAROMAGNANO";19;;;;;;;;17;;;
"006";"006187";"VISONE";4;;;;;;;;4;;;
"006";"006188";"VOLPEDO";58;2;1;;;;;;57;1;1;
"006";"006189";"VOLPEGLINO";6;;1;;;;;;3;2;;
"006";"006190";"VOLTAGGIO";2;;;;;;;;2;;;
"096";"096001";"AILOCHE";5;;1;;;;;;6;;;
"096";"096002";"ANDORNO MICCA";25;;;;;;;;24;1;;
"096";"096003";"BENNA";7;;;;;;;;6;;;
"096";"096004";"BIELLA";3297;33;24;;1;;;2;3100;94;90;45
"096";"096005";"BIOGLIO";7;;;;;;;;7;;;
"096";"096006";"BORRIANA";7;;1;;;;;;8;;;
"096";"096007";"BRUSNENGO";20;1;2;;1;;;;17;1;;
"096";"096008";"CALLABIANA";;;1;;;;;;1;;;
"096";"096009";"CAMANDONA";3;;;;;;;;3;;;
"096";"096010";"CAMBURZANO";4;;;;;;;;4;;;
"096";"096011";"CAMPIGLIA CERVO";;;;;;;;;;;;
"096";"096012";"CANDELO";100;;;;;;;;99;2;;
"096";"096013";"CAPRILE";;;1;;;;;;1;;;
"096";"096014";"CASAPINTA";4;;;;;;;;4;;;
"096";"096015";"CASTELLETTO CERVO";2;;4;;;;;;6;;;
"096";"096016";"CAVAGLIA'";22;;1;;;;;;22;1;;
"096";"096017";"CERRETO CASTELLO";5;;1;;;;;;6;;;
"096";"096018";"CERRIONE";13;;3;;;;;;15;;;
"096";"096019";"COGGIOLA";14;5;1;;;;;;12;5;1;1
"096";"096020";"COSSATO";181;;2;;;;;;177;4;1;
"096";"096021";"CREVACUORE";17;2;;;;;;;10;3;4;1
"096";"096022";"CROSA";5;;;;;;;;5;;;
"096";"096023";"CURINO";;;4;;;;;;4;;;
"096";"096024";"DONATO";;;3;;;;;;3;;;
"096";"096025";"DORZANO";;;;;;;;;;;;
"096";"096026";"GAGLIANICO";39;;2;;;;;;39;1;;1
"096";"096027";"GIFFLENGA";;;;;;;;;;;;
"096";"096028";"GRAGLIA";14;;8;;;;;;20;1;1;
"096";"096029";"LESSONA";14;1;;;;;;;15;;;
"096";"096030";"MAGNANO";2;4;2;;;;;;4;2;;
"096";"096031";"MASSAZZA";1;;1;;;;;;2;;;
"096";"096032";"MASSERANO";19;1;;;;;;;17;3;;
"096";"096033";"MEZZANA MORTIGLIENGO";7;;;;;;;;7;;;
"096";"096034";"MIAGLIANO";3;;;;;;;;3;;;
"096";"096035";"MONGRANDO";27;;1;;;;;;27;;;
"096";"096037";"MOTTALCIATA";9;;3;;;;;;11;1;;
"096";"096038";"MUZZANO";1;;;;;;;;1;;;
"096";"096039";"NETRO";;;2;;;;;;2;;;
"096";"096040";"OCCHIEPPO INFERIORE";25;;;;;;;;25;;;
"096";"096041";"OCCHIEPPO SUPERIORE";15;1;;;;;;;15;1;;
"096";"096042";"PETTINENGO";6;;;;;;;;6;;;
"096";"096043";"PIATTO";6;1;;;;;;;6;;1;
"096";"096044";"PIEDICAVALLO";2;;;;;;;;2;;;
"096";"096046";"POLLONE";12;1;2;;;;;;14;1;;
"096";"096047";"PONDERANO";43;;;;;;;;45;;;
"096";"096048";"PORTULA";17;;;;;;;;14;3;;
"096";"096049";"PRALUNGO";33;2;;;;;;;34;1;;
"096";"096050";"PRAY";46;;;;;;;;28;8;5;3
"096";"096051";"QUAREGNA";11;;1;;;;;;12;;;
"096";"096052";"QUITTENGO";2;;5;;;;;;7;;;
"096";"096053";"RONCO BIELLESE";12;;;;;;;;12;;;
"096";"096054";"ROPPOLO";2;;2;;;;;;2;;;1
"096";"096055";"ROSAZZA";;;;;;;;;;;;
"096";"096056";"SAGLIANO MICCA";15;;;;;;;;15;;;
"096";"096057";"SALA BIELLESE";4;;;;;;;;4;;;
"096";"096058";"SALUSSOLA";5;;3;;;;;;7;1;;
"096";"096059";"SANDIGLIANO";15;;1;;;;;;15;1;;
"096";"096060";"SAN PAOLO CERVO";1;;;;;;;;1;;;
"096";"096061";"SELVE MARCONE";;2;1;;;;;;1;1;;
"096";"096062";"SOPRANA";1;;;;;;;;1;;;
"096";"096063";"SORDEVOLO";31;;1;;;;;;28;4;;
"096";"096064";"SOSTEGNO";7;;;;;;;;5;2;;
"096";"096065";"STRONA";8;;1;;;;;;9;;;
"096";"096066";"TAVIGLIANO";10;;;;;;;;9;1;;
"096";"096067";"TERNENGO";1;;;;;;;;1;;;
"096";"096068";"TOLLEGNO";22;;1;;;;;;23;;;
"096";"096069";"TORRAZZO";2;;;;;;;;2;;;
"096";"096070";"TRIVERO";43;1;1;;;;;;35;2;3;
"096";"096071";"VALDENGO";30;1;;;;;;;28;1;1;1
"096";"096072";"VALLANZENGO";2;;;;;;;;2;;;
"096";"096073";"VALLE MOSSO";12;;;;;;;;12;;;
"096";"096074";"VALLE SAN NICOLAO";8;1;1;;;;;;10;;;
"096";"096075";"VEGLIO";4;;;;;;;;4;;;
"096";"096076";"VERRONE";8;;1;;;;;;9;;;
"096";"096077";"VIGLIANO BIELLESE";108;1;2;;;;;;111;;;
"096";"096078";"VILLA DEL BOSCO";3;;;;;;;;3;;;
"096";"096079";"VILLANOVA BIELLESE";;;;;;;;;;;;
"096";"096080";"VIVERONE";5;;;;;;;;5;;;
"096";"096081";"ZIMONE";;;;;;;;;;;;
"096";"096082";"ZUBIENA";8;1;2;;;;;;10;1;;
"096";"096083";"ZUMAGLIA";7;;;;;;;;7;;;
"096";"096084";"MOSSO";9;;4;;;;;;13;;;
"103";"103001";"ANTRONA SCHIERANCO";;;;;;;;;;;;
"103";"103002";"ANZOLA D'OSSOLA";;;;;;;;;;;;
"103";"103003";"ARIZZANO";;;;;;;;;;;;
"103";"103004";"AROLA";;;;;;;;;;;;
"103";"103005";"AURANO";;;;;;;;;;;;
"103";"103006";"BACENO";;;;;;;;;;;;
"103";"103007";"BANNIO ANZINO";;;;;;;;;;;;
"103";"103008";"BAVENO";;;;;;;;;;;;
"103";"103009";"BEE";;;;;;;;;;;;
"103";"103010";"BELGIRATE";;;;;;;;;;;;
"103";"103011";"BEURA-CARDEZZA";;;;;;;;;;;;
"103";"103012";"BOGNANCO";;;;;;;;;;;;
"103";"103013";"BROVELLO-CARPUGNINO";;;;;;;;;;;;
"103";"103014";"CALASCA-CASTIGLIONE";;;;;;;;;;;;
"103";"103015";"CAMBIASCA";;;;;;;;;;;;
"103";"103016";"CANNERO RIVIERA";;;;;;;;;;;;
"103";"103017";"CANNOBIO";;;;;;;;;;;;
"103";"103018";"CAPREZZO";;;;;;;;;;;;
"103";"103019";"CASALE CORTE CERRO";;;;;;;;;;;;
"103";"103020";"CAVAGLIO-SPOCCIA";;;;;;;;;;;;
"103";"103021";"CEPPO MORELLI";;;;;;;;;;;;
"103";"103022";"CESARA";;;;;;;;;;;;
"103";"103023";"COSSOGNO";;;;;;;;;;;;
"103";"103024";"CRAVEGGIA";;;;;;;;;;;;
"103";"103025";"CREVOLADOSSOLA";;;;;;;;;;;;
"103";"103026";"CRODO";;;;;;;;;;;;
"103";"103027";"CURSOLO-ORASSO";;;;;;;;;;;;
"103";"103028";"DOMODOSSOLA";;;;;;;;;;;;
"103";"103029";"DRUOGNO";;;;;;;;;;;;
"103";"103030";"FALMENTA";;;;;;;;;;;;
"103";"103031";"FORMAZZA";;;;;;;;;;;;
"103";"103032";"GERMAGNO";;;;;;;;;;;;
"103";"103033";"GHIFFA";;;;;;;;;;;;
"103";"103034";"GIGNESE";;;;;;;;;;;;
"103";"103035";"GRAVELLONA TOCE";;;;;;;;;;;;
"103";"103036";"GURRO";;;;;;;;;;;;
"103";"103037";"INTRAGNA";;;;;;;;;;;;
"103";"103038";"LOREGLIA";;;;;;;;;;;;
"103";"103039";"MACUGNAGA";;;;;;;;;;;;
"103";"103040";"MADONNA DEL SASSO";;;;;;;;;;;;
"103";"103041";"MALESCO";;;;;;;;;;;;
"103";"103042";"MASERA";;;;;;;;;;;;
"103";"103043";"MASSIOLA";;;;;;;;;;;;
"103";"103044";"MERGOZZO";;;;;;;;;;;;
"103";"103045";"MIAZZINA";;;;;;;;;;;;
"103";"103046";"MONTECRESTESE";;;;;;;;;;;;
"103";"103047";"MONTESCHENO";;;;;;;;;;;;
"103";"103048";"NONIO";;;;;;;;;;;;
"103";"103049";"OGGEBBIO";;;;;;;;;;;;
"103";"103050";"OMEGNA";;;;;;;;;;;;
"103";"103051";"ORNAVASSO";;;;;;;;;;;;
"103";"103052";"PALLANZENO";;;;;;;;;;;;
"103";"103053";"PIEDIMULERA";;;;;;;;;;;;
"103";"103054";"PIEVE VERGONTE";;;;;;;;;;;;
"103";"103055";"PREMENO";;;;;;;;;;;;
"103";"103056";"PREMIA";;;;;;;;;;;;
"103";"103057";"PREMOSELLO-CHIOVENDA";;;;;;;;;;;;
"103";"103058";"QUARNA SOPRA";;;;;;;;;;;;
"103";"103059";"QUARNA SOTTO";;;;;;;;;;;;
"103";"103060";"RE";;;;;;;;;;;;
"103";"103061";"SAN BERNARDINO VERBANO";;;;;;;;;;;;
"103";"103062";"SANTA MARIA MAGGIORE";;;;;;;;;;;;
"103";"103063";"SEPPIANA";;;;;;;;;;;;
"103";"103064";"STRESA";;;;;;;;;;;;
"103";"103065";"TOCENO";;;;;;;;;;;;
"103";"103066";"TRAREGO VIGGIONA";;;;;;;;;;;;
"103";"103067";"TRASQUERA";;;;;;;;;;;;
"103";"103068";"TRONTANO";;;;;;;;;;;;
"103";"103069";"VALSTRONA";;;;;;;;;;;;
"103";"103070";"VANZONE CON SAN CARLO";;;;;;;;;;;;
"103";"103071";"VARZO";;;;;;;;;;;;
"103";"103072";"VERBANIA";1;;;;;;;;1;;;
"103";"103073";"VIGANELLA";;;;;;;;;;;;
"103";"103074";"VIGNONE";;;;;;;;;;;;
"103";"103075";"VILLADOSSOLA";;;;;;;;;;;;
"103";"103076";"VILLETTE";;;;;;;;;;;;
"103";"103077";"VOGOGNA";;;;;;;;;;;;
